Kernel Size,2D Gaussian Time (s),1D Gaussian x2 Time (s)
3,0.015163189997838344,0.008822925001732073
5,0.03565504999569384,0.01221244999760529
9,0.10088206499931403,0.01763819999760017
15,0.11480891500395955,0.02950062000163598
21,0.128929255004914,0.04711243000347167
31,0.13920805999659933,0.0746818700019503
41,0.1396025100009865,0.0949960449957871
