Kernel Size,2D Gaussian Time (s),1D Gaussian x2 Time (s)
3,0.005691220000153407,0.01843107999739004
5,0.00626763999753166,0.022908089999691583
9,0.010061575003783218,0.04009129499900155
15,0.01525454000220634,0.05550047500000801
21,0.02100000500213355,0.06695332999515813
31,0.03130683999770554,0.0930711250010063
41,0.04691841500462033,0.11902990999660687
