Image Size,2D Gaussian Time (s),1D Gaussian x2 Time (s)
512,0.000574075,0.000887945
1024,0.00189282,0.004750125
2048,0.005154985,0.01437493
4096,0.01532591,0.053209535
8192,0.057686595,0.220451725
