Image Size,2D Gaussian Time (s),1D Gaussian x2 Time (s)
512,0.0037540899968007578,0.0003821250022156164
1024,0.010100464997231029,0.0017520400011562741
2048,0.03226742499682587,0.006806245000916533
4096,0.11551378000003751,0.029158569998980966
8192,0.4861867549989256,0.14726477999647614
